p,train_loss,train_acc,test_acc,frac
0.001,1.766716622542031,0.6361148230215152,0.09579399983274836,0.4510595358224016
0.001,1.7947618585262142,0.6003098635947548,0.08397296399141503,0.5040404040404041
0.001,1.8371258971054842,0.552065946869277,0.08525630315931608,0.5080645161290323
0.001,1.7912734782131878,0.607936771994021,0.09233765204983223,0.4790602655771195
0.001,1.7183847608015306,0.6945926449175699,0.14469110241202487,0.46006066734074824
0.001,1.7822274920866328,0.6123319094478774,0.1396097278402231,0.5331991951710262
0.001,1.8453329042854953,0.5387054719992829,0.11811974658355925,0.5549949545913219
0.001,1.8528794792285583,0.5297332680743023,0.0888298016867848,0.5272177419354839
0.001,1.77660624502709,0.6258653243882515,0.0897343193521516,0.4730964467005076
0.001,1.7874196415987917,0.6129869918692189,0.12362193509798565,0.4527918781725888
0.001,1.8255057687285023,0.5667022415311481,0.1143624657957735,0.5866261398176292
0.001,1.828251147810946,0.5551385383012376,0.09467075624406243,0.5288169868554095
0.001,1.8281078719444372,0.5619010071565851,0.14926096453049728,0.5819672131147541
0.001,1.7764649943956734,0.6237206666950736,0.06493679286716829,0.44263959390862945
0.001,1.8327549491163935,0.5586021392141826,0.11262143450725787,0.5096446700507614
0.001,1.8094665265661605,0.5903028939690298,0.0947651781732237,0.4259634888438134
0.001,1.682492640042809,0.736979660265467,0.13413565690262083,0.40183112919633773
0.001,1.803559483657904,0.5898854333177834,0.1145331982702746,0.5325865580448065
0.001,1.8138144524464994,0.5798519906959857,0.08914572738460205,0.5208545269582909
0.001,1.7835813319545095,0.6124464033248567,0.16051069349480165,0.5514112903225806
0.001,1.8593196548572926,0.5260236518278971,0.09821254459964375,0.5859613428280773
0.001,1.774469867447251,0.6285239449289733,0.06474039283428368,0.4432048681541582
0.001,1.7694430779392447,0.6319994607295891,0.11459093306455365,0.48597194388777554
0.001,1.7911733060044326,0.6034937908262802,0.1295497906871508,0.4974463738508682
0.001,1.7785181312145528,0.6186686508138763,0.13579481907345325,0.5551061678463094
0.001,1.7633645783716148,0.6420993010742742,0.18413661588013178,0.4801627670396745
0.001,1.7748207955556339,0.6273223612185843,0.1235781113837147,0.5005065856129686
0.001,1.7945230070816058,0.6046175037186898,0.13975284461753446,0.5487804878048781
0.001,1.789423685117254,0.6088860765192493,0.1594615127346118,0.5264227642276422
0.001,1.7480604096571988,0.6568644318123515,0.07985435013014767,0.42105263157894735
0.001,1.775238373125981,0.6226930364166516,0.1364404467110253,0.527013251783894
0.001,1.7613488561428567,0.6431801632267486,0.08631156997126911,0.44275582573454914
0.001,1.7411489682638002,0.6664467788172532,0.07678988067119823,0.36482412060301506
0.001,1.8471018774340515,0.5367668150776165,0.07998943252744858,0.5253036437246964
0.001,1.8109185554050646,0.5865147220361507,0.13006632637745458,0.5482233502538071
0.001,1.791039226210253,0.6070196612711821,0.13344971785140186,0.4539939332659252
0.001,1.71643480906758,0.6963835338385895,0.15848891719647795,0.4808467741935484
0.001,1.7786461421075832,0.6236872939912269,0.11949329942426853,0.4390735146022155
0.001,1.7987779379853837,0.5992463581363793,0.16986221268990537,0.5891946992864424
0.001,1.846122266495156,0.5368273948519775,0.068903229686387,0.4439959636730575
0.001,1.752376398222453,0.6510806863030894,0.08920195120590729,0.4614604462474645
0.001,1.7940593057465322,0.6028440037347131,0.16944345046484086,0.5498489425981873
0.001,1.7408063521682728,0.6565905462928232,0.10517883550066306,0.48484848484848486
0.001,1.801869072151503,0.5889627151256499,0.17422604208602593,0.5786802030456852
0.001,1.7858588050165465,0.6143250895981822,0.1082638072094669,0.45463709677419356
0.001,1.8239692630801763,0.5664252002105572,0.09542680079535763,0.5005096839959225
0.001,1.8814302902825595,0.5011855075180807,0.1065616750967984,0.6183127572016461
0.001,1.7960234733856328,0.599891781039649,0.09551411075947264,0.5035750766087844
0.001,1.7968270111927709,0.6007874115104328,0.09056033724672025,0.4548223350253807
0.001,1.8165767984755277,0.5771480284072721,0.10167222658427373,0.5202020202020202
0.001,1.7639694570574398,0.6375110091190425,0.09000758483389794,0.4484848484848485
0.001,1.791561787925918,0.607698267811353,0.10494831857082029,0.5278058645096056
0.001,1.8132846908252183,0.5820442224294758,0.07479325978916053,0.44984802431610943
0.001,1.7620920156323003,0.6313042911267284,0.079862984695492,0.45223577235772355
0.001,1.8397740020193958,0.5501289810182483,0.16988278345460917,0.6112789526686808
0.001,1.764156561897695,0.6394367272308239,0.09471818047981168,0.45030425963488846
0.001,1.7778580032799418,0.6145296607535612,0.11488019937409216,0.47346938775510206
0.001,1.804168548698908,0.58959354450061,0.11532674983844268,0.5172064777327935
0.001,1.7701434433610828,0.6210644397916623,0.1629516543522799,0.535140562248996
0.001,1.7653433644133094,0.6385565489990888,0.1568879031198334,0.4798387096774194
0.001,1.7830220924550844,0.6156654077637983,0.09719946285202735,0.49795501022494887
0.001,1.7689857592752571,0.6302260130869997,0.09434538264940304,0.47112462006079026
0.001,1.8158151723837332,0.5804156561944728,0.06976290079911546,0.4826530612244898
0.001,1.7758206514126962,0.6264304226570322,0.12347010495010734,0.4614604462474645
0.001,1.7693724734164658,0.632743397717513,0.07746063506698612,0.44387229660144184
0.001,1.7938441257057272,0.5961091684714981,0.11300476314855792,0.46421267893660534
0.001,1.735642352683655,0.6738929928988512,0.09537433667623801,0.402834008097166
0.001,1.7317474728905289,0.6802377593532997,0.1552340772300973,0.49341438703140833
0.001,1.8120125725085163,0.5830105592103842,0.1345975555246957,0.5279187817258884
0.001,1.8035687862660978,0.5915814558319713,0.11980121110133667,0.5344129554655871
0.001,1.8122862576635144,0.582450626585553,0.14349069195101938,0.5577889447236181
0.001,1.778914928466508,0.6232800644796872,0.10424579973368964,0.49595959595959593
0.001,1.8056117477255156,0.5897128881961897,0.09152774408129337,0.487360970677452
0.001,1.7577911161007413,0.647800614658147,0.14871263866277584,0.5102040816326531
0.001,1.754891522501167,0.6492225686727675,0.11431335677791919,0.45820745216515607
0.001,1.7695007091981552,0.6289136748085074,0.0934076997768922,0.44646464646464645
0.001,1.8007760364284966,0.5938987127475274,0.11946415279122863,0.5204498977505112
0.001,1.7824490273331925,0.6180162589489594,0.13142939560939998,0.515832482124617
0.001,1.8236286452200734,0.5651985924663989,0.07459435218914037,0.5496957403651116
0.001,1.7579488765572016,0.6474935546506302,0.14966594265088237,0.45723014256619143
0.001,1.8319278424451457,0.5548576916426228,0.0449236102901903,0.433502538071066
0.001,1.785130522445203,0.6130788784403081,0.12695298213665399,0.4376278118609407
0.001,1.8011907028248857,0.5961274923160038,0.10427096180774069,0.4483805668016194
0.001,1.7931315970055912,0.6058139390958542,0.12437465310667589,0.5020449897750511
0.001,1.8609757057347387,0.5220209997549049,0.06955927677440116,0.5668724279835391
0.001,1.8666003856024829,0.5181795761330009,0.08940567348135783,0.5444330949948928
0.001,1.8125538420759326,0.5825562815151845,0.13971062643874185,0.5419222903885481
0.001,1.7968014593338197,0.5972983743642614,0.06382762203409696,0.4072948328267477
0.001,1.796273189490736,0.600850053955251,0.07991810862996751,0.4543610547667343
0.001,1.7919060806088531,0.6066766063173883,0.10236308575286472,0.48272357723577236
0.001,1.7816893936941696,0.6205321667545157,0.1033878626125875,0.4908722109533469
0.001,1.8044775952690202,0.5876875821597004,0.06946044969748612,0.4467005076142132
0.001,1.7928319503182408,0.6070159123654467,0.10480935515082188,0.44613821138211385
0.001,1.786075079376372,0.6093092999223424,0.10388971653421246,0.43103448275862066
0.001,1.7779658305754187,0.6195901114439324,0.1711226384675536,0.5347648261758691
0.001,1.8034381082609336,0.5850852312184589,0.07459857745868086,0.45510204081632655
0.001,1.815954605266993,0.5782603391192447,0.10613247871454444,0.4620829120323559
0.001,1.7768627455636292,0.6214228990387397,0.09899812528601162,0.46169354838709675
0.001,1.7290585151414597,0.6825829646098871,0.10483057363923319,0.47614107883817425
0.001,1.7333724233315038,0.6773339911970304,0.09440190405172313,0.41323971915747243
0.001,1.7792517995703707,0.6210464834769966,0.0688305326946511,0.45390070921985815
0.001,1.83556163462654,0.5565861388075483,0.09912337023861201,0.5122199592668024
0.001,1.7837653871960364,0.6170312514439986,0.12612443259268732,0.47459349593495936
0.001,1.8399665929640414,0.5485300711778395,0.14912840837298774,0.5578093306288032
0.001,1.7354760168434697,0.6710299527879743,0.1450944534714218,0.45336008024072216
0.001,1.7746375181103224,0.6192349845405661,0.15860413748093574,0.4842639593908629
0.001,1.8320707323795653,0.5574556109105144,0.15036325643513465,0.5040485829959515
0.001,1.7757996363221977,0.6262529660938169,0.11545631530174003,0.41194331983805665
0.001,1.7704456916362858,0.6333120098597992,0.16147702318733403,0.5207700101317123
0.001,1.8123334383985992,0.5826466359454081,0.1096487887865052,0.5040983606557377
0.001,1.7906498704856646,0.6091091310112023,0.08237915284773617,0.4429868819374369
0.001,1.815532552766252,0.5792214701564755,0.08486793711799236,0.4874118831822759
0.001,1.8555749361408211,0.5267404202696988,0.09963498529504275,0.5756345177664974
0.001,1.7790747099954394,0.6223429786442389,0.10021547078447128,0.4649033570701933
0.001,1.7855646084517993,0.6148004004250545,0.08042675897553439,0.47604485219164117
0.001,1.8094956779161808,0.5865697149896534,0.05003507198707286,0.45546558704453444
0.001,1.7795921129321912,0.6156501956857807,0.11453301867553588,0.5184049079754601
0.001,1.8120311764688055,0.5792284650433291,0.1287914747933627,0.5085427135678392
0.001,1.7427384536293975,0.6611227552885067,0.16439488230409138,0.49948822927328557
0.001,1.833863045687168,0.5535607386351848,0.13470483527646698,0.5508130081300813
0.001,1.7178036192293598,0.6932425473115039,0.10829009707833429,0.36464646464646466
0.001,1.7989176437183514,0.5972386791577033,0.11935151415549872,0.42972699696663297
0.001,1.7741594731339994,0.6283158577473482,0.14420365761592968,0.4677584442169908
0.001,1.8414596864381831,0.5458911365716175,0.05440503100103517,0.511340206185567
0.001,1.8612746427055888,0.5240475828894849,0.13926013686853872,0.5355691056910569
0.001,1.79272864331343,0.6048900473827048,0.11929010939214972,0.521255060728745
0.001,1.811617225896884,0.5848212827183858,0.100691818981554,0.47959183673469385
0.001,1.8044869461113329,0.5927210479042353,0.17236910968484842,0.5635808748728383
0.001,1.7986482993724884,0.5999409660206585,0.12413636003818908,0.5050505050505051
0.001,1.8198104103009907,0.5738294240027969,0.08758204786355103,0.5035460992907801
0.001,1.7872511871687586,0.6048232140394798,0.1700542290935342,0.5285714285714286
0.001,1.729822245095877,0.6807666020950551,0.11397635677080192,0.42785065590312815
0.001,1.7396270017382345,0.6701836214143115,0.0785921853726374,0.3969849246231156
0.001,1.8094227421421856,0.5801049056945782,0.10147079952435079,0.5444444444444444
0.001,1.8641738082222237,0.51332646093245,0.10398997930597174,0.5517241379310345
0.001,1.7807976068627673,0.6184258991189509,0.11388829711197589,0.4442211055276382
0.001,1.7533910289757368,0.650619697127214,0.09940053346120642,0.43343343343343343
0.001,1.7440113750538786,0.6592994225676134,0.11009205433146212,0.4848178137651822
0.001,1.8019894509334506,0.5948977924787145,0.11221640968856315,0.5172064777327935
0.001,1.8332809790430034,0.5489462038728066,0.13430676759042384,0.5025125628140703
0.001,1.7946780213971238,0.6033558928609819,0.12285960676681863,0.5484848484848485
0.001,1.7817445324426948,0.614770601137497,0.12976246980596953,0.44244244244244246
0.001,1.8096275823712056,0.5820663512623598,0.14967354571713629,0.5229357798165137
0.001,1.7786547522008456,0.6204718400628217,0.07510667941718097,0.4605263157894737
0.001,1.7967518505748494,0.6019446921963448,0.11473370752923956,0.4821973550356053
0.001,1.7965307067023055,0.601791894871423,0.08846257508893929,0.4746450304259635
0.001,1.7716253779858875,0.6291759563875545,0.1083824199072757,0.5030120481927711
0.001,1.770730050743206,0.6322275650393687,0.09903659844029468,0.48785425101214575
0.001,1.7694324450983578,0.6284524456179902,0.11905827946908372,0.48230535894843274
0.001,1.7628284462896293,0.6401323048159261,0.09475305155205589,0.474059003051882
0.001,1.8026605847983,0.5952602229649858,0.07568894570907295,0.46827794561933533
0.001,1.7699322685110388,0.6335533867672033,0.1295731017013757,0.4448938321536906
0.001,1.7999657535109175,0.5928879648191686,0.1346773524235832,0.5194274028629857
0.001,1.7378008617581453,0.6634297208089188,0.11050446249294349,0.4602215508559919
0.001,1.7941594389070985,0.6051991359252654,0.11414283964279343,0.46747967479674796
0.001,1.764048965842976,0.6409767948400089,0.1518514682797317,0.49031600407747195
0.001,1.7998026200471542,0.5961926496126577,0.07690529659689718,0.47052845528455284
0.001,1.8027273073906578,0.5931271643828541,0.09887843783913056,0.4872838250254323
0.001,1.8073328352890834,0.587300425955274,0.07010540648654978,0.4766260162601626
0.001,1.811214945960583,0.5823370792821889,0.14890459235165557,0.5531914893617021
0.001,1.7927367661189315,0.6057718620338637,0.12693794238735595,0.4939516129032258
0.001,1.7734513395962428,0.6271889049000359,0.06646561897351591,0.4527918781725888
0.001,1.816458012980447,0.5792040540218787,0.13716328945328396,0.5538461538461539
0.001,1.7703618937860015,0.6325997521934135,0.09871013296925696,0.4506612410986775
0.001,1.751319789855097,0.655111581653783,0.09508502844733202,0.46727089627391744
0.001,1.8043095187566673,0.588247667474006,0.09910546883586072,0.49646107178968657
0.001,1.737622475344013,0.6717076947018221,0.09267128675080233,0.41020408163265304
0.001,1.8027929463081762,0.5914289881990268,0.17166474817850794,0.541497975708502
0.001,1.861367872138355,0.5234919855921009,0.1250357053177669,0.5551061678463094
0.001,1.783525526389779,0.613146007766926,0.13098982133380568,0.4898989898989899
0.001,1.7724194044273296,0.6323477047746756,0.08987891486383467,0.4389505549949546
0.001,1.7842297504773998,0.610249970960781,0.05016922873895688,0.4309278350515464
0.001,1.7783952261184772,0.6231091876770721,0.12905425099647413,0.4764344262295082
0.001,1.763122819768761,0.6422092332474568,0.1044547956503216,0.4547304170905392
0.001,1.8117483755983692,0.5854203702943831,0.1922310052304271,0.570264765784114
0.001,1.764082839731545,0.6354954695713839,0.12971496753949702,0.49547738693467336
0.001,1.8404464929877768,0.5493932795144852,0.06466931173366128,0.5254065040650406
0.001,1.7820402314575687,0.6195785394378264,0.11464980239724155,0.46727089627391744
0.001,1.756963913978441,0.6482106456924707,0.11400476112099468,0.425531914893617
0.001,1.794584086374406,0.6040310404615677,0.13482102769617385,0.5223123732251521
0.001,1.7813545266306747,0.6150051763320263,0.08023508971752927,0.4685598377281947
0.001,1.7815715136619155,0.619781560899624,0.07947940395960548,0.503560528992879
0.001,1.7635579578263965,0.6381856626416187,0.12256155375959193,0.47196738022426094
0.001,1.771373666273302,0.6321233070404839,0.1393213003865441,0.4678068410462777
0.001,1.8144385255755204,0.5806875937427682,0.08963601177799886,0.4653767820773931
0.001,1.8182265020091777,0.573331963239928,0.08019433417906413,0.45987654320987653
0.001,1.794052703203576,0.6045880356059457,0.10678932397884196,0.3779128672745694
0.001,1.7665742018610917,0.6365356600042611,0.1531646493203022,0.46774193548387094
0.001,1.7393353676244032,0.6706909232106026,0.09884577799203186,0.4830421377183967
0.001,1.7584694769317082,0.6470226850013401,0.15677263831253035,0.5055951169888098
0.001,1.7960822713700075,0.6022019498654015,0.09429246293399149,0.5101214574898786
0.001,1.8050050628399448,0.5933036725276193,0.1985927127521981,0.5950668036998972
0.001,1.8603399520836998,0.5189352646102126,0.07957193809808605,0.5775510204081633
0.001,1.8229358171001586,0.5699917533841121,0.09991177976429257,0.47697031729785055
0.001,1.810606507314953,0.5841406531010038,0.1585748677070686,0.593654042988741
0.001,1.8541677220614399,0.5313037409391966,0.06496204778048702,0.5081632653061224
0.001,1.7330056924781747,0.6737747000798021,0.10473551086693149,0.39121552604698673
0.001,1.7730820720549374,0.6253355195442131,0.219119458389089,0.5521783181357649
0.001,1.8204607144060296,0.5690588561883256,0.13872640226942898,0.563710499490316
0.001,1.7603685397951572,0.6429985397392682,0.08050766366132008,0.424923391215526
0.01,2.0605842286888687,0.3558159985007895,0.17335955672494577,0.298
0.01,1.918132921149531,0.5146002149800223,0.1516907383933775,0.259
0.01,1.9305449588105283,0.49585162723576853,0.22944220832242493,0.372
0.01,1.7765830061977534,0.6529739045738004,0.15966588654304628,0.252
0.01,1.9900003707935245,0.42824536197947916,0.14852790201739574,0.209
0.01,1.8988042380592112,0.5376844273121991,0.3325512307755743,0.471
0.01,1.9492165255155538,0.47566378258473413,0.17780510621269663,0.308
0.01,1.9064878897752848,0.5219339311305784,0.15444337254187054,0.246
0.01,1.9761127165990602,0.440692470823286,0.11914505424214186,0.267
0.01,2.0351784100590935,0.3787251449293151,0.06456003638342127,0.195
0.01,1.9928219525345952,0.4272650209366457,0.17797633502898846,0.419
0.01,1.885819626886078,0.5457120378146441,0.3444651298545661,0.443
0.01,1.8527347989287928,0.58807244635404,0.33258536561567825,0.493
0.01,1.8865217413499404,0.5432645258087461,0.1512804960181271,0.18
0.01,1.7844502177448702,0.662866694139292,0.5054685518776219,0.597
0.01,1.9859140042666041,0.43295330041677804,0.1487347397415355,0.275
0.01,1.9547911136041762,0.45710628617135096,0.08970002343386575,0.215
0.01,1.9439059081253884,0.4844710631585592,0.21195163982689852,0.357
0.01,1.9434321733406947,0.4847637809922297,0.1967969162874016,0.381
0.01,1.6860081980050665,0.7457570930217698,0.11152769748300612,0.198
0.01,1.9197341555575353,0.5095819775773156,0.264570746584725,0.399
0.01,1.9546937201999817,0.4677369691634361,0.16065777772422254,0.282
0.01,1.896886668994671,0.5296968840172269,0.1132596916684899,0.253
0.01,1.980161768327352,0.4411806204476184,0.11160979880534715,0.252
0.01,1.7474115130142291,0.6687041625153531,0.11858576357231904,0.161
0.01,1.9976647553652487,0.419425790781599,0.11253434848929846,0.178
0.01,2.0080402218827444,0.4049652404128496,0.1326422208458108,0.192
0.01,1.8054753687957579,0.615546943534488,0.05844809831443639,0.147
0.01,1.9726769498572725,0.45266692377589013,0.21588277685559593,0.338
0.01,1.9587817130481135,0.4738028378344061,0.26875822584630343,0.431
0.01,1.987260898547698,0.4392903342163,0.11365234145162237,0.217
0.01,1.9535357689341808,0.470441071644648,0.07505077055057927,0.164
0.01,1.8492679147557147,0.5769998752142174,0.1659236126310596,0.361
0.01,1.7354613761970754,0.6889068146185421,0.11440167941066878,0.166
0.01,1.8875229886614089,0.5358308610706424,0.2649304297945632,0.434
0.01,1.8542465690008778,0.5830253382459745,0.3278535959196357,0.447
0.01,1.9805221224964966,0.43940624131800765,0.11022964483395448,0.238
0.01,1.9843214599615855,0.433813441896822,0.13105347068098738,0.201
0.01,1.8575921959241462,0.569684778897631,0.1487112149779683,0.251
0.01,1.9323686918580805,0.48454666408626157,0.16775131405393048,0.282
0.01,1.9153895608830602,0.5045126455303307,0.11770053138278434,0.197
0.01,1.9471216713048907,0.4781302979772149,0.14254305312563187,0.265
0.01,1.971035707054773,0.44107693970413353,0.09504084967588046,0.163
0.01,1.960122613653666,0.4546802311292403,0.15825902679669354,0.267
0.01,1.678748460088611,0.7562423664930276,0.07309478097616498,0.174
0.01,1.9383038483709256,0.492946190486612,0.22835690807945327,0.336
0.01,1.7354113856504967,0.694748751596953,0.13142804550188916,0.215
0.01,1.9437868404692726,0.4794953483559164,0.17390935754828832,0.312
0.01,1.8944651958377345,0.5306889910421903,0.1253152196266442,0.255
0.01,1.975560167968203,0.44936990021196976,0.17163865160920103,0.317
0.01,1.9554364236073085,0.4730407251864355,0.20200426883455563,0.315
0.01,1.8622080845539657,0.5649413715663656,0.12616328956332118,0.215
0.01,1.968670155472124,0.4585280705544525,0.15658488896096576,0.344
0.01,1.9373390008263627,0.4891041231245229,0.1403599319756693,0.253
0.01,1.7125854339235242,0.7156251413202005,0.08930892654638033,0.15
0.01,1.8960405620469853,0.5334115908033807,0.2687682782373393,0.474
0.01,1.813816061339589,0.5998427567147134,0.10681758211024955,0.182
0.01,1.7127313950607312,0.7156800971943684,0.11927219654116036,0.224
0.01,1.8717402405482453,0.5495393541065743,0.13154363364761706,0.243
0.01,1.979775678115604,0.44590252918682005,0.25193821340510086,0.454
0.01,1.9513690651546682,0.47858774583394154,0.14443783128063026,0.318
0.01,1.954063024066403,0.464529850687291,0.10133027865200499,0.212
0.01,1.9126067659550507,0.5221296898748846,0.2675824494575032,0.36
0.01,1.7896656294969624,0.6499279479196223,0.320862801457403,0.492
0.01,1.8760116561569806,0.5598636509437378,0.33328957106618573,0.487
0.01,1.7015788936675151,0.7286931140540143,0.09180948496473562,0.153
0.01,1.780432095699878,0.6526859914903079,0.1787555247914411,0.337
0.01,1.9063678463122742,0.5155150789532421,0.1145377645458026,0.259
0.01,1.7561182623369682,0.6716579760945025,0.11079826452007265,0.189
0.01,1.8929646483556968,0.5416478511279144,0.23244989322269496,0.377
0.01,1.9912476908791372,0.43591782730917467,0.2176787664780384,0.395
0.01,2.009643157380748,0.41828371861752006,0.197510703871668,0.335
0.01,1.9856773456192474,0.4351447834032407,0.1579775692959916,0.324
0.01,2.0137882001042895,0.40970784415074685,0.13183168803658007,0.291
0.01,1.949291287682172,0.46817044469688174,0.22496941374539545,0.317
0.01,1.9297961360759721,0.49807076981294324,0.1881029169407866,0.388
0.01,1.8514944337406392,0.5767979980969175,0.152007568469598,0.295
0.01,1.9108433607808706,0.5196122567506573,0.23509460967395962,0.443
0.01,1.751154023515405,0.6653388329453851,0.12845572576449446,0.181
0.01,1.988794580913473,0.43897480224532986,0.23464054839520732,0.396
0.01,1.9937017484898607,0.4253338008231717,0.1770448995189927,0.239
0.01,2.012014827895129,0.4076508976607558,0.11064417569662371,0.29
0.01,1.9521282352527485,0.47638572223692177,0.16341119235860915,0.225
0.01,1.8061854210286206,0.6264434602907143,0.3756274825355506,0.529
0.01,1.9431684455122198,0.48691804303180125,0.17928674255906493,0.33
0.01,1.8666815285360872,0.5419213670684722,0.054753116244473536,0.168
0.01,1.8237929167221167,0.6024365093617672,0.18536401911810033,0.292
0.01,1.975958599314927,0.4421458733171867,0.13538867971833096,0.291
0.01,1.9795492941979433,0.42901268281241717,0.14141257911325159,0.181
0.01,1.7659675972898945,0.6544168160661592,0.10405253685687015,0.263
0.01,1.977133177948997,0.4438114174185245,0.15778450337098682,0.216
0.01,1.928664392235418,0.5004546967833601,0.25333952824911066,0.414
0.01,2.0090561882837528,0.4173045898353293,0.1362850951820007,0.225
0.01,2.0187641817516835,0.40070303280071434,0.08401912542398118,0.207
0.01,1.9137683699803365,0.5172612061683646,0.16407986018524592,0.27927927927927926
0.01,1.9316146970767982,0.48797551758137186,0.10787630186632771,0.215
0.01,2.0159570753328815,0.40776396052475705,0.12256867915920702,0.217
0.01,1.8143146722491188,0.6269605685169214,0.3319148041872293,0.516
0.01,1.8431751628346906,0.583017790542846,0.11064618679513487,0.219
0.01,1.8954003264629218,0.5248781964147343,0.19172601557149815,0.327
0.01,1.96563884236175,0.4582964381128985,0.11249579630129646,0.218
0.01,1.9423839384746393,0.4829151723980695,0.11572982505778619,0.242
0.01,1.980359214128559,0.43678076762047835,0.10410169102104477,0.24
0.01,1.9141846379277037,0.5174945260194078,0.2235990584315392,0.444
0.01,1.935955729977247,0.49346929543065093,0.25348551606603303,0.431
0.01,1.8713723554242605,0.5651787128592217,0.2767862592962261,0.447
0.01,1.9121735405797324,0.5271302920643532,0.37839897786846177,0.476
0.01,1.8144444490493625,0.6093065968770792,0.08655188617847273,0.191
0.01,1.902722414817402,0.5191096918916827,0.13974438371190176,0.25
0.01,1.7740087644224656,0.6542998804784529,0.11851754623739463,0.214
0.01,1.9662303622271176,0.4631397621772537,0.21701182449858883,0.358
0.01,1.889378037221049,0.5411906457712821,0.20457857359070608,0.361
0.01,1.9169652940812507,0.5165969227856644,0.26629136591579683,0.418
0.01,1.9775643869740278,0.4479378647024408,0.17971810224719803,0.307
0.01,1.8938318208806308,0.5270997354210017,0.1376614148540246,0.217
0.01,1.9736913528622808,0.45218329433770366,0.13629645318971648,0.185
0.01,1.9784659102579596,0.4432919905991584,0.1444211350652409,0.297
0.01,1.7168301204053869,0.7157066334406537,0.14746873647990694,0.214
0.01,1.9020708306960412,0.5257032290704127,0.25867498126976307,0.467
0.01,1.8351996529787393,0.6013990990421798,0.3302127658272229,0.5315315315315315
0.01,1.8851071967479676,0.5230091782189114,0.11802318058882805,0.183
0.01,1.832263182992501,0.6064751475501323,0.3637054854703864,0.525
0.01,1.8839838843247745,0.5378211107251154,0.09576975756185777,0.214
0.01,1.9836926118626963,0.43815673080032036,0.09377284873904007,0.197
0.01,2.025470805687018,0.39699788099890776,0.19222864741807466,0.35
0.01,1.917315004075445,0.5100774489297706,0.24046293693281703,0.428
0.01,1.7238351030702035,0.7073239840167995,0.09741367678305338,0.187
0.01,1.911961142268946,0.5190964032180954,0.2665192285224382,0.446
0.01,1.8556738091468188,0.5809365158995622,0.3793156341443671,0.521
0.01,1.993688957391035,0.425238420802588,0.12163766861926545,0.232
0.01,1.724071126143858,0.6991916671692848,0.11882756407861647,0.285
0.01,1.7116408944956292,0.7169233732335847,0.10182425293206956,0.183
0.01,1.9372509731553642,0.48217658531681656,0.23181740445619015,0.379
0.01,1.8858382995354923,0.54204333039174,0.1455991370020564,0.258
0.01,1.7998009744153953,0.6188774717747829,0.09439818046647538,0.141
0.01,2.0124900864876265,0.40814748533029543,0.16744031531858888,0.271
0.01,1.9525096664708261,0.4716501632095473,0.1651581694525298,0.366
0.01,1.9394549559200946,0.48459631090701133,0.1428446792085084,0.216
0.01,1.7922410113275127,0.6362552230407832,0.1476520375502612,0.382
0.01,1.9386485568541993,0.4816864284824806,0.2903491936879613,0.433
0.01,1.7747951370984005,0.6496750959153103,0.09268988739485147,0.186
0.01,1.9279249323795677,0.4938780000428483,0.14428339376528246,0.31
0.01,1.655301765636296,0.7772375726250665,0.09464947282926062,0.19
0.01,1.821201965759279,0.604349609648042,0.10071664001021212,0.214
0.01,1.937730207553282,0.48464277800468186,0.2697455203873343,0.429
0.01,1.8907517956977848,0.5402254284209629,0.17569821894341606,0.348
0.01,1.8288662542311744,0.6052233904418564,0.4034376687487276,0.566
0.01,1.93926505704428,0.49335300849015945,0.26227264733316286,0.406
0.01,1.9307999125003732,0.49246245478007455,0.20742692480004835,0.327
0.01,1.9491870274501948,0.4779599449902426,0.16450753135407312,0.317
0.01,1.9900387259369055,0.42812452872615714,0.12494199127512122,0.233
0.01,1.8837625943760739,0.5533363449207055,0.30215371363952653,0.449
0.01,1.8124794790543628,0.6196961975809312,0.1651525961151092,0.267
0.01,1.9554458370979593,0.4689228690889612,0.18624618938189946,0.31
0.01,1.9029787804664238,0.5282372135586263,0.20447645357261188,0.338
0.01,1.7426272745532079,0.6808222736021221,0.11992486811383074,0.185
0.01,1.8966197900616428,0.525224755023633,0.21563708862747683,0.477
0.01,2.0114663940915807,0.41045060158488533,0.11330403876288729,0.19
0.01,1.9408701914445843,0.4885364122996214,0.16547821841164845,0.342
0.01,1.9762488428645142,0.4459556224325924,0.17452348549133426,0.342
0.01,2.0192709962058415,0.3995691190430493,0.12759552359334136,0.308
0.01,1.7997827588121047,0.6197624978542885,0.13459333680115276,0.176
0.01,1.8607286706916484,0.5627689816331526,0.14501663078228805,0.359
0.01,1.9088612795271334,0.5141174306434134,0.16656430582015758,0.305
0.01,1.9747768958761278,0.4489730741290165,0.20248845907814,0.25
0.01,2.0100890104877767,0.41397511711953455,0.12390330309144655,0.182
0.01,1.9253619653641507,0.49671024271216135,0.11349479410837908,0.215
0.01,1.7073865824557573,0.7212145025048514,0.12995058058394682,0.258
0.01,1.9540915125664924,0.46197968420134006,0.12054268856158883,0.273
0.01,1.8918741123633207,0.5332662849972686,0.17421008891378068,0.341
0.01,1.8232845554533115,0.6161189660580323,0.40724629302422694,0.537
0.01,2.0069810560569215,0.41543076718117444,0.1179263284413458,0.177
0.01,1.834582599672786,0.5902993342355416,0.10466558205692061,0.22922922922922923
0.01,1.7495872375654684,0.6841789859984413,0.15859042626852077,0.221
0.01,1.8703470566432354,0.5567034318383095,0.2664121843321251,0.421
0.01,1.9202395065940565,0.5066455381680462,0.24235769417112857,0.378
0.01,1.9788536057576693,0.4388553591378298,0.13344153134243036,0.214
0.01,1.8830476711547852,0.5510814180681038,0.39351920509635435,0.506
0.01,1.9807624204791239,0.4475764822815071,0.17588000505122736,0.341
0.01,1.8931952430968757,0.5367745775510875,0.15169606216444548,0.25
0.01,1.9140387945566624,0.5086866610187644,0.15035750358291222,0.229
0.01,1.7735980828097069,0.6352495742446991,0.10759128738480044,0.215
0.01,1.965828896762329,0.4605512734948377,0.1316437003436111,0.188
0.01,1.9667744084906793,0.45150653543953395,0.14437415017421393,0.287
0.01,1.9966353252795515,0.4259218924532474,0.15471645478589569,0.239
0.01,1.9078737950538145,0.5132788888994014,0.19796608257524434,0.31
0.01,1.8812624387898,0.5428013604886962,0.14163333456380678,0.278
0.01,2.0083261532600254,0.4177503222341019,0.20823415492183842,0.365
0.01,1.909352238127017,0.5165929565184367,0.3015453901098346,0.439
0.01,1.8974653033984752,0.5317255617351335,0.1760421166394743,0.302
0.01,1.874995223158788,0.5573955671853774,0.25135226725197496,0.431
0.01,1.9203016104266475,0.5023136789266021,0.2337903182053963,0.427
0.01,1.8504965584095472,0.5779117871842525,0.11091098977023639,0.208
0.01,1.8924629972748845,0.54411701456669,0.2934941145847256,0.462
0.01,1.8817872109679805,0.5482781876399633,0.25679436233843317,0.453
0.01,1.7404278811092246,0.6858169947766641,0.14432407617708004,0.22
0.01,1.9915830419267444,0.43190332931584674,0.15204439510546042,0.267
0.01,1.9305155369273177,0.48831692314615205,0.2179460652167957,0.413
0.01,1.7843453901857889,0.6459408400708124,0.08819542537026734,0.18
0.01,1.8132108247163685,0.6074640984603126,0.07679997014368328,0.22
0.1,1.6004211346188506,0.8497147061750614,0.8498844523153234,0.848
0.1,1.9653413629690022,0.45911466070177853,0.37988818024573573,0.611
0.1,1.6219645423180462,0.8229099148759008,0.7882432378707085,0.846
0.1,1.7156405186662007,0.7304090695479067,0.6749731338263675,0.752
0.1,2.1495916471606944,0.266679395166899,0.19301457375946784,0.33
0.1,1.8729800693356324,0.5644083886234744,0.4638383960747137,0.603
0.1,1.7120827323480632,0.7262322048597328,0.7219767154341978,0.853
0.1,2.048209672382985,0.3672265514284144,0.19751497237076465,0.401
0.1,1.6929917762740423,0.7521980356640459,0.6891284333936228,0.771
0.1,1.8374649926062852,0.5989932467884305,0.64290602846093,0.689
0.1,1.9019534795038855,0.5313453701045677,0.4749001083558373,0.618
0.1,1.8967824920920067,0.5317430593691753,0.4780797007031707,0.592
0.1,1.9867019744766061,0.4371042663100163,0.31689024935346033,0.51
0.1,1.971036234651803,0.4547077484778548,0.34419133835429394,0.467
0.1,1.5265675884788696,0.9244250561716812,0.9231233909819071,0.917
0.1,1.5777718458578207,0.8696932852395654,0.879507318711563,0.916
0.1,1.7259115358907096,0.716664131937116,0.6336738536360815,0.771
0.1,2.105676487578333,0.29573988306702537,0.20734708702004098,0.344
0.1,1.5424860810765932,0.9077725204964591,0.891769900231797,0.9
0.1,1.7196016262823353,0.724296036163964,0.7156451994789168,0.788
0.1,1.7149995869607917,0.7236633255566033,0.7411427093962246,0.807
0.1,1.9191443450623644,0.5090842156582579,0.44419254159064325,0.604
0.1,1.5400672775726707,0.9120616483867756,0.9119720823376641,0.899
0.1,1.924868988914384,0.5037278405673022,0.5059594670565554,0.597
0.1,2.0515792743344923,0.35394256735284985,0.2890388381631955,0.494
0.1,1.6235616190240585,0.8185346219403005,0.8258231499008543,0.892
0.1,2.047899996147051,0.37341247413859846,0.23440390830989133,0.416
0.1,1.636668729670994,0.8118510690790963,0.8163366860146257,0.843
0.1,2.0090084214032924,0.41505133573755365,0.19862342491563945,0.413
0.1,2.266182721045649,0.13755773709726946,0.1339051201965445,0.268
0.1,1.9030121423482274,0.5227024932190393,0.4709314438342902,0.572
0.1,2.0352551570871293,0.38756073333772073,0.31871565079675535,0.459
0.1,2.147535686214195,0.2401485774799486,0.09208540893581504,0.209
0.1,2.007734407917017,0.4040253953277495,0.34584591556614686,0.535
0.1,2.0341916090814047,0.376377440221914,0.3434315689431706,0.532
0.1,1.9713255450056313,0.45280649654499083,0.3316766080766135,0.517
0.1,1.665653228898043,0.7793955846541151,0.7677791312067654,0.858
0.1,2.0553263199866945,0.3650995641550753,0.3149114724705014,0.481
0.1,2.0953347192782323,0.32043200642068104,0.2953365731878664,0.464
0.1,2.084096874531191,0.3353025178455564,0.2581522771882041,0.49
0.1,1.9396479163834353,0.4902801432865118,0.4126924523860304,0.572
0.1,2.0196228973424324,0.38317870042613594,0.19937416765749788,0.335
0.1,2.1797163648780553,0.22632377109366536,0.21417482514787786,0.422
0.1,1.9770681892271758,0.44665691673664176,0.16425989858023007,0.296
0.1,1.6204087069005364,0.8314919989835999,0.7988427397087665,0.815
0.1,1.964172933802057,0.45926507251562915,0.34875845749761625,0.48
0.1,2.1400035545219365,0.2678678530654463,0.2569958539287925,0.484
0.1,2.086606662296041,0.334614827481039,0.18691598407082988,0.36
0.1,1.6943470242978698,0.7457500842841693,0.7589042228209232,0.837
0.1,1.8038852989606344,0.6367789146090264,0.611188592567823,0.698
0.1,1.634472055763291,0.8104180299950384,0.8370945257626861,0.839
0.1,1.6408912912500426,0.8049508671218237,0.8168570078944043,0.835
0.1,1.9232122278255708,0.5030744226514127,0.4306196420177518,0.579
0.1,2.040306331138801,0.37395157261070994,0.3355104502363423,0.438
0.1,1.9786713613854772,0.43898568279195427,0.11366737617892494,0.204
0.1,1.8954235050206356,0.5305627273807094,0.474181848916367,0.609
0.1,2.221968928415092,0.18276268913913155,0.16390277336331638,0.331
0.1,1.9208265846221741,0.5067415852569118,0.43232932903516685,0.502
0.1,1.6567266807388072,0.788883148700849,0.8038729036266038,0.832
0.1,2.0421363003126247,0.382626080381797,0.3068958757921895,0.445
0.1,1.6708643307193385,0.7625904900537546,0.7586666261431746,0.9
0.1,2.059728926516182,0.3496375043295935,0.3184531845496292,0.696
0.1,1.7772184395929482,0.6589321761541687,0.6127833143160045,0.77
0.1,1.7261947332951315,0.7115975062281622,0.7474016384633408,0.765
0.1,1.8206383525311112,0.6082372984104278,0.6179652229520386,0.764
0.1,2.0210825596736948,0.39346181689081305,0.3696391302838298,0.5
0.1,2.098289840815796,0.31595727998454415,0.2994775593975315,0.4
0.1,1.9055790708234834,0.525960764131723,0.30784018921647793,0.523
0.1,2.027731161210388,0.39714705621409696,0.3496006458651479,0.512
0.1,1.6534442935141223,0.7850839260713951,0.806334773250643,0.873
0.1,2.0508266640433392,0.3642340706370337,0.28530746086440056,0.367
0.1,1.7437610805541552,0.6941747688107783,0.6543449606230568,0.799
0.1,2.0996396394893297,0.3139971366550318,0.26820984518423957,0.411
0.1,1.811043113129506,0.6256404932182169,0.5781194501141784,0.702
0.1,1.9413192630476146,0.48480700718607145,0.4128491228249566,0.57
0.1,1.6042661013327986,0.8342656645465055,0.8333079610047887,0.906
0.1,2.0199718632396375,0.40088740801597,0.24610320293744115,0.436
0.1,2.0406224304149094,0.377973125908727,0.36813176598202973,0.499
0.1,1.7950917025227102,0.6448815118772286,0.6182316744160874,0.688
0.1,2.0762039227881246,0.33890362738629215,0.285136211306076,0.433
0.1,1.7879438197322095,0.654280935695224,0.582198870784676,0.675
0.1,1.6723593367550738,0.7619139301008339,0.714438143042234,0.845
0.1,1.5242546078990817,0.9282373953558103,0.918440809145745,0.916
0.1,2.0606605077441644,0.3574131342976414,0.3152558645705759,0.487
0.1,1.9644079389362947,0.45941977047307214,0.38608956915511244,0.532
0.1,1.841240074622674,0.5914761516840399,0.47643245551917907,0.581
0.1,2.070109758261213,0.3526989031878389,0.31527185335245095,0.464
0.1,2.154150192429622,0.2529492581164004,0.23157467452064848,0.407
0.1,1.7324091999319848,0.7113838272545326,0.6903719222759989,0.755
0.1,1.8945307257404909,0.5347092911035872,0.33553859757503235,0.492
0.1,2.0859989412784663,0.33268955881189377,0.29215718100075394,0.427
0.1,1.7613390436714025,0.6774103820127835,0.6406530171604128,0.711
0.1,2.0241172169416304,0.39844636562736524,0.2876608016258339,0.462
0.1,1.5343844154466844,0.9141746048152264,0.9083245950869956,0.921
0.1,1.6128348621685689,0.8318007263198435,0.8299623943485002,0.905
0.1,1.9683506248208977,0.4550433144568684,0.34446957522801047,0.522
0.1,2.1659359007001866,0.2546941981424623,0.12833908845263697,0.205
0.1,1.984515111020481,0.43684629603821146,0.3590090510502924,0.492
0.1,2.0599625966002377,0.36095118516453334,0.29764043581087707,0.45
0.1,1.7055234064587939,0.7382007218671813,0.7350807276538973,0.781
0.1,1.6763674686325793,0.769071434470179,0.7504197260900943,0.815
0.1,1.986024526158252,0.432454847256922,0.276536724128759,0.455
0.1,1.9515941355484983,0.476659202646751,0.4123715848047458,0.6
0.1,2.0223014473032075,0.3982106497040404,0.36796999913397044,0.473
0.1,2.0759800235599193,0.335609304973229,0.18948902850211746,0.341
0.1,2.0970583667147897,0.3186040987010388,0.18206572076354688,0.321
0.1,2.0841955629192523,0.32607880273924084,0.17272774395614654,0.34
0.1,1.9689065850136866,0.462773732009455,0.38594637088272427,0.526
0.1,2.0106949006565094,0.4153894173299271,0.3199856234401188,0.501
0.1,1.5326208255346185,0.917597940756352,0.9063595276004903,0.916
0.1,1.7086194532682253,0.7307265691033875,0.6964035800684123,0.806
0.1,1.7460162280833962,0.6966651423468904,0.6074616179992035,0.713
0.1,1.9084671213872682,0.5164695539335373,0.43116530523709384,0.589
0.1,2.0302267687282347,0.38873893594912934,0.11722237373575826,0.221
0.1,2.0495084052592842,0.36398165277132544,0.2507193181324878,0.415
0.1,1.6250502853766697,0.8185185122688331,0.849877245125329,0.87
0.1,1.7930772885127795,0.6472521245095957,0.6389781691369495,0.715
0.1,1.8834804680508737,0.548818296216341,0.44160640215604485,0.653
0.1,1.8397082531142506,0.5899155412693193,0.4716436931653511,0.671
0.1,1.9670018828152265,0.45699992847257126,0.36380116858473116,0.553
0.1,1.6158502987341463,0.8269755866873467,0.7911747972664922,0.883
0.1,2.1688524282564416,0.23903563430558342,0.20167279860879528,0.361
0.1,1.9943234627588768,0.4270252636405714,0.40229306229269524,0.483
0.1,2.148384282880593,0.265501514812648,0.19771106029914517,0.375
0.1,2.0446352532514678,0.3674119671822931,0.22785837423885116,0.436
0.1,1.9128013577095104,0.515414629275471,0.5120757255364691,0.679
0.1,2.192655507629598,0.21261124234204803,0.20039406669986318,0.39
0.1,1.6144793992431552,0.8359687903197888,0.8165519977802569,0.828
0.1,2.131712925378177,0.27554344562640526,0.27487924613528836,0.485
0.1,2.0942378695036523,0.32676690528015556,0.23115101732008328,0.324
0.1,2.0583518444789064,0.3497662444477805,0.2159308587325585,0.401
0.1,2.0930181970667965,0.32412281570528484,0.3266651904127547,0.479
0.1,1.9906764725971304,0.4032596559088376,0.09524162441238535,0.298
0.1,1.689128717176389,0.7584940309229086,0.7617069686401018,0.765
0.1,1.6064084196190653,0.834133550174113,0.8048016721875677,0.887
0.1,1.7334863293981493,0.7058826197468255,0.6466151289559974,0.783
0.1,1.9866510037451743,0.43842145379985026,0.35238464259451746,0.465
0.1,1.9884757248233353,0.42936430976575,0.2519575372443682,0.466
0.1,1.99298225815513,0.42527231807804533,0.2469274189361263,0.43
0.1,2.016992192858297,0.4040479281057062,0.3519494648387744,0.509
0.1,1.8381691610632571,0.594979762632095,0.5482700929613954,0.656
0.1,1.9165781090482121,0.4886891948729316,0.47812283876017914,0.775
0.1,1.9551051515181825,0.473187231182996,0.4019972999144902,0.518
0.1,1.6715620088534766,0.7674674802758631,0.7636699916733476,0.843
0.1,2.0980913785581228,0.30929877037072123,0.16174462645746293,0.283
0.1,2.1023234645126836,0.3206339372000665,0.2125740981972173,0.332
0.1,2.0102635331039784,0.4137290037906459,0.2857247532122143,0.453
0.1,1.7926971975314672,0.6422966994154518,0.6078832261201201,0.692
0.1,2.040862602539279,0.38121805767813743,0.28031389169034315,0.367
0.1,2.098153679016517,0.32313985713000404,0.21104578448600364,0.362
0.1,1.87728939686953,0.5548240885759637,0.5111269326332959,0.631
0.1,2.074123521223322,0.3289847135179775,0.1583722296119242,0.299
0.1,2.053075396703925,0.3691350834747674,0.29002774343589854,0.449
0.1,2.1866178436502492,0.21913912729272367,0.2155308636356356,0.413
0.1,1.7852606900623713,0.6533662169312318,0.6358504375430145,0.718
0.1,2.0755408478370105,0.34000469907347297,0.21677825916245597,0.393
0.1,1.5641482167325038,0.8904242812139502,0.8601767764306996,0.856
0.1,2.125320794254939,0.26544986447027685,0.13324239233466165,0.24
0.1,1.7178563028435583,0.7257787262378426,0.7147640592968686,0.785
0.1,1.825577957364332,0.6135382160709322,0.5562719790810638,0.677
0.1,2.07957176681949,0.33683808350717265,0.293744862091497,0.484
0.1,1.8300147119702985,0.6057752810429206,0.5723100620743137,0.666
0.1,1.7967180878715119,0.6358800713724732,0.5918369819163027,0.777
0.1,1.9820216774562305,0.4359431153880265,0.4045559324076769,0.614
0.1,1.9789410633076732,0.45045067208788403,0.37795364329852427,0.49
0.1,1.718277191152636,0.7272152578274041,0.7026330581855424,0.75
0.1,1.850425969084259,0.5853268863305894,0.5443991280310387,0.649
0.1,1.6958578306587604,0.7480128640756594,0.7552919341866412,0.779
0.1,1.5787846785853354,0.8653335858454996,0.856921744452946,0.9
0.1,2.059329893595341,0.3534720430122639,0.18386371031301507,0.304
0.1,2.177457043266135,0.2287159159614342,0.209083247655145,0.454
0.1,1.8060859499668198,0.6311642073342639,0.5592116487690022,0.666
0.1,2.030864399232322,0.3853854099981664,0.23263663052573613,0.456
0.1,2.1184018597056045,0.29905210572699537,0.18867725693452328,0.348
0.1,2.1419330219087493,0.27244536485693266,0.16413705802472936,0.331
0.1,1.640599282184541,0.8039752475430116,0.8109315077993489,0.856
0.1,1.8346158805809865,0.6001082836515722,0.530436358914152,0.659
0.1,2.034334609420275,0.39006522481166667,0.21102126614879396,0.42
0.1,1.8576965166142458,0.5759282860337797,0.5141882437457904,0.639
0.1,2.1086891192934987,0.3119571234940284,0.19530905832095868,0.34
0.1,1.9555730512872835,0.47095342578889865,0.43736863095365097,0.541
0.1,2.1222619305104486,0.2969302797825624,0.23814838063628813,0.343
0.1,1.54730936229592,0.9024697782277714,0.9047686248072,0.921
0.1,2.059199366203749,0.3579660441697273,0.30698533105925413,0.445
0.1,2.104501695622946,0.29230945442908746,0.19998727720037607,0.389
0.1,2.04752895834375,0.35046805801518355,0.26544684449048755,0.458
0.1,1.7740225284239024,0.6636996860112333,0.59979605929832,0.726
0.1,2.067350844771283,0.35046242790384385,0.28866322572009595,0.432
0.1,2.0782053849046935,0.3378029851199667,0.2322082323000871,0.339
0.1,1.7340585161943136,0.6968604946092654,0.6910751269215428,0.804
0.1,1.811940771681228,0.6245300468848095,0.5650820398557309,0.685
0.1,1.5654154974403613,0.8824890924741083,0.8718601480146524,0.902
0.1,1.8650204115510554,0.5609074011149084,0.5166166833308805,0.633
0.1,1.571696571083851,0.8751114693369584,0.8681055935054331,0.919
0.1,2.0932898612589126,0.31517619154390103,0.1945717357066507,0.295
0.1,1.7359073898868715,0.7038125718537019,0.6528059514807987,0.747
0.1,1.891063856402073,0.5432198440087848,0.48808463048762407,0.639
0.1,1.9598193648108584,0.45673213523402884,0.3629094017460565,0.544
0.1,1.960957593287311,0.4621994035755847,0.4053747877281831,0.543
0.1,1.8340463134681382,0.5958499041144238,0.5608916634141412,0.722
